<page>

<title>Nutchについて</title>

<menu>
 <item><a href="http://lucene.apache.org/nutch/credits.html">協力者</a></item>
 <item><a href="http://lucene.apache.org/nutch/index.html">状態</a></item>
</menu>

<body>

<p>Nutchは、オープンソース・ウェブ検索エンジンを実装する初めての試みです。
</p>

<p>ウェブ検索はインターネット・ナビゲーションのために必用な基本的機能です。ところが現在では、ウェブ検索エンジンの数は減少しています。
今日の寡占状態は、すぐに、ほとんど全てのウェブ検索を提供している一つの会社の商業利用に独占されるかもしれません。
一社の独占は、多くのインターネットのユーザーにとって良くないことです。
</p>

<p>Nutch は、商用ウェブ検索エンジンには無い透過性（公開性）をもたらすものです。
Nutch による検索結果は、充分に偏見が無いことがわかっており、安心して検索をまかせることができます（少なくとも、Nutsh のバイアスは、公共のためのものです）。
全ての既存の主な検索エンジンは、検索エンジン所有者の実装した公式によって順位が決められます。検索結果として与えられたページの順位付けの理由が説明されるわけではありません。
その上、いくつかの検索エンジンは、各サイトがインデックス順位に対して支払った金額によって順位を決定する場合さえあります。
Nutch は各々のユーザーにできる限り最高の検索結果を与えようとするものであり、
その結果や関係する情報に偏見を加える理由は何もありません。
</p>

<p>Nutch は、誰でも簡単に、そして低コストで、効率よく国際的なウェブ検索エンジンを設置するのを可能にしようとするものです。
これは、とても困難な挑戦です。
Nutch ソフトウェアが成功するためには以下の要件を満たした有能なものでなければなりません：
</p>
<ul>
  <li>一ヶ月ごとに10億ページを取ってくること</li>
  <li>これらのページのインデックスを維持すること</li>
  <li>1秒につき最高1000回の検索インデックスを付けること</li>
  <li>非常に高品質ですばらしい検索結果を提供すること</li>
  <li>最小のコストで動作すること</li>
</ul>

<p>これはとても挑戦的な提案です。
あなたが Nutch プロジェクトの価値を信じるならば、<a
href="http://www.apache.org/dev/">開発者</a>として、又は<a
href="http://www.apache.org/foundation/contributing.html">寄付</a>をしてこのプロジェクトを是非とも応援してください。
</p>

</body>
</page>
