<page>

<title>คำแนะนำในการค้นหา</title>

<body>

<h3>คำที่จะค้นหา</h3>
เพียงพิมพ์คำไม่กี่คำ คุณก็สามารถใช้นัทช์ค้นหาได้
<ul>
  <li>ผลลัพธ์ที่ได้คือหน้าที่มีคำที่ใช้ค้นหา
	<span style="font-style: italic;">ทั้งหมด</span></li>
  <li>ใช้อัญประกาศรอบคำที่จะต้องอยู่ใกล้กันเป็นพยางค์
เช่น <span style="font-weight: bold;">"New Zealand"</span></li>
  <li>เครื่องหมายต่างๆระหว่างคำก็จะนำไปสู่การค้นหาเป็นพยางค์ เช่นถ้าจะหา
	<span style="font-weight: bold;">http://www.apache.org/</span>
ก็เหมือนกับหา<span style="font-weight: bold;">"http www apache org"</span>.</li>
  <li>อักษรตัวใหญ่ตัวเล็กไม่มีผลในการค้นหา เช่น<span
 style="font-weight: bold;">NuTcH</span> เหมือนกับหา<span
 style="font-weight: bold;">nUtCh</span>.</li>
  <li>คุณสามารถห้ามไม่ให้ผลลัพธ์มีหน้าที่มีคำที่คุณไม่ต้องการ โดยการใส่เครื่องหมายลบหน้าคำนั้น เช่นหา
<span style="font-weight: bold;">football
-nfl</span>จะพบหน้าที่พูดถึงเรื่องฟุตบอล แต่ไม่มีคำว่า nfl</li>
  <li>ก็เท่านั้นเอง!</li>
</ul>
<h3>ผลลัพธ์</h3>
หน้าที่พบแต่ละหน้าจะมีลิงค์ดังต่อไปนี้:
<ul>
  <li>(<span style="color: rgb(51, 51, 255);">หน้าที่เก็บไว้</span>)แสดงหน้าที่นัทช์ได้นำมาเก็บไว้</li>
  <li>(<span style="color: rgb(51, 51, 255);">คำอธิบาย</span>)แสดงคำอธิบายถึงการให้คะแนนของหน้านี้</li>
  <li>(<span style="color: rgb(51, 51, 255);">แองเคอร์</span>)แสดงรายการของข้อความที่โยงมายังหน้านี้</li>
</ul>

</body>
</page>
