<page>

<title>perihal</title>

<menu>
 <item><a href="http://lucene.apache.org/nutch/credits.html">Penghargaan</a></item>
 <item><a href="http://lucene.apache.org/nutch/index.html">Status</a></item>
</menu>

<body>

<p>Nutch merupakan inisiatif baru untuk membangunkan enjin carian web berasaskan prinsip sumber terbuka.</p>

<p>Carian web merupakan keperluan asas untuk melayari internet, tetapi bilangan enjin pencari semakin berkurangan. Oligopoli pada hari ini akan menjadi monopoli, 
dengan sebuah organisasi mengawal hampir keseluruhan carian web untuk keuntungan komersil. Ini tidak membawa sebarang manfaat kepada pengguna internet.</p>

<p>Nutch adalah satu alternatif transparen kepada enjin-enjin carian komersil. Hanya hasil pencarian yang berasaskan konsep sumber terbuka boleh dipercayai 
sepenuhnya tanpa berat sebelah (sekurang-kurangnya, kewujudan berat sebelah adalah umum). Kesemua enjin-enjin carian semasa memiliki formula ranking khusus, 
dan pemilik-pemilik enjin carian tersebut tidak akan mendedahkan sebab-sebab kenapa sesuatu hasil pencarian berada pada ranking yang dipaparkan. Sesetengah 
enjin-enjin carian mengindekkan laman-laman web berasaskan bayaran dan menghiraukan merit laman-laman web tersebut. Disebaliknya, Nutch, dengan tanpa selindung 
dan tidak memiliki motif untuk berat sebelah dalam pencariannya, akan senantiasa berusaha memberi hasil-hasil pencarian yang terbaik kepada pengguna.</p>

<p>Tujuan Nutch adalah untuk memberi kesemua masyarakat internet satu enjin carian web yang bertaraf antarabangsa, senang dan kos efektif untuk diimplementasikan. 
Ini merupakan cabaran yang besar. Untuk berjaya, perisian Nutch mesti berupaya:</p>

<ul>
  <li>mengaut beberapa bilion laman-laman web dalam satu bulan</li>
  <li>menyengara indek bagi laman-laman web tersebut</li>
  <li>berupaya mencari indek tersebut pada kelajuan 1000 kali sesaat</li>
  <li>memberi hasil-hasil pencarian yang berkualiti</li>
  <li>beroperasi dengan kos yang minima</li>
</ul>

<p>Ini adalah proposisi yang mencabar. Jikalau anda percaya dengan merit projek ini, anda dipelawa untuk menghulurkan bantuan, samada sebagai 
<a href="http://www.apache.org/dev/">pembangun perisian</a>atau <a href="http://www.apache.org/foundation/contributing.html">menderma</a>.</p> 

</body>
</page>
