<page>

<title>om</title>

<menu>
 <item><a href="http://lucene.apache.org/nutch/credits.html">Erkännanden</a></item>
 <item><a href="http://lucene.apache.org/nutch/index.html">Status</a></item>
</menu>

<body>

<p>Nutch är ett nytt initiativ att implementera en Open-Source-sökmotor för webben.</p>

<p>Webbsökning är ett grundläggande krav för att kunna navigera på Internet,
trots det håller antalet sökmotorer på att minska. Dagens oligopol skulle
snart kunna bli ett monopol, med ett enda företag som kontrollerar nästan all
webbsökning för dess egna kommersiella vinst. Det skulle inte vara bra för
Internets användare.</p>

<p>Nutch tillhandahåller ett transparent alternativ till kommersiella sökmotorer.
Endast Open Source-sökresultat kan litas på fullt ut att vara fördomsfria. (Eller
att deras fördomar är officiella.) Alla stora existerande sökmotorer har skyddade
rankingformler och vill inte förklara varför en viss sida rankas som den gör.
Dessutom bestämmer vissa sökmotorer vilka sidor som ska indexeras beroende på
betalning hellre än på sidors egna meriter. Nutch, å andra sidan, har inget att
dölja och har inget motiv till att kasta fördom över dess resultat eller
indexering på något sätt annat än att försöka ge varje användare de bästa
sökresultaten som möjligt.</p>

<p>Nutch avser att ge vem som helst möjlighet att enkelt och kostnadseffektivt
lansera en sökmotor av världsklass. Detta är rejäl utmaning. För att lyckas måste
Nutch-mjukvara kunna:</p>
<ul>
	<li>hämta flera miljarder sidor per månad</li>
	<li>underhålla ett index på dessa sidor</li>
	<li>söka detta index upp till 1000 gånger per sekund</li>
	<li>tillhandahålla mycket högkvalitativa sökresultat</li>
	<li>drivas till minimal kostnad</li>
</ul>

<p>Detta är ett utmanande förslag. Om du tror på detta projekts förtjänster,
hjälp gärna till, antingen som en <a href="http://www.apache.org/dev/">utvecklare</a>
eller med en <a href="http://www.apache.org/foundation/contributing.html">donation</a></p>

</body>
</page>
