<page>

<title>sökhjälp</title>

<body>

<h3>Sökningar</h3>
För att söka med Nutch, mata in några få ord.
<ul>
  <li>Resultat inkluderar endast sidor som innehåller <span
 style="font-style: italic;">alla</span> sökord.</li>
  <li>Använd citattecken runt flera ord som måste ligga bredvid varandra, som en fras, t.ex. <span style="font-weight: bold;">"Nya Zeeland"</span>.</li>
  <li>Frasmatchning aktiveras också av skiljetecken mellan ord. Så en sökning efter <span style="font-weight: bold;">http://www.apache.org/</span>
är samma sak som en sökning efter <span style="font-weight: bold;">"http www
apache org"</span>.</li>
  <li>I sökningar görs ingen skillnad på stora och små bokstöver, så att söka efter <span
 style="font-weight: bold;">NuTcH</span> är samma sak som att söka efter <span
 style="font-weight: bold;">nUtCh</span>.</li>
  <li>Du kan förhindra att ett ord eller uttryck kommer med bland sökresultaten genom att sätta ett minus- eller bindestreckstecken framför det. Om du t.ex. söker efter <span style="font-weight: bold;">fotboll
-uefa</span> så kommer sidor som handlar om fotboll att hittas, men kommer inte att innehålla order "uefa".</li>
  <li>Det var allt!</li>
</ul>
<h3>Resultat</h3>
Varje matchningssida bland resultaten har följande länkar:
<ul>
  <li>(<span style="color: rgb(51, 51, 255);">cashad</span>) visar
versionen av sidan som Nutch laddat ner.</li>
  <li>(<span style="color: rgb(51, 51, 255);">förklara</span>) visar
en förklaring till hur den här sidan rankats.</li>
  <li>(<span style="color: rgb(51, 51, 255);">ankare</span>) visar
en lista av inkommande ankare indexerade för denna sidan.</li>
</ul>

</body>
</page>
