<?xml version="1.0"?>
<!DOCTYPE document PUBLIC "-//APACHE//DTD Documentation V2.0//EN" 
          "http://forrest.apache.org/dtd/document-v20.dtd">
<!--
 Licensed to the Apache Software Foundation (ASF) under one or more
  contributor license agreements.  See the NOTICE file distributed with
  this work for additional information regarding copyright ownership.
  The ASF licenses this file to You under the Apache License, Version 2.0
  (the "License"); you may not use this file except in compliance with
  the License.  You may obtain a copy of the License at

      http://www.apache.org/licenses/LICENSE-2.0

  Unless required by applicable law or agreed to in writing, software
  distributed under the License is distributed on an "AS IS" BASIS,
  WITHOUT WARRANTIES OR CONDITIONS OF ANY KIND, either express or implied.
  See the License for the specific language governing permissions and
  limitations under the License.
-->
<document> 

  <header> 
    <title>About Nutch</title> 
  </header> 

  <body> 

    <section>
      <title>Overview</title> <p>Nutch is open source web-search
      software.  It builds on <a href="ext:lucene">Lucene Java</a>,
      adding web-specifics, such as a crawler, a link-graph database,
      parsers for HTML and other document formats, etc.</p>

      <p>For more information about Nutch, please see the <a
      href="ext:wiki">Nutch wiki.</a></p>

    </section>

  </body>

</document>
