<?xml version="1.0"?>
<!--
 Licensed to the Apache Software Foundation (ASF) under one or more
  contributor license agreements.  See the NOTICE file distributed with
  this work for additional information regarding copyright ownership.
  The ASF licenses this file to You under the Apache License, Version 2.0
  (the "License"); you may not use this file except in compliance with
  the License.  You may obtain a copy of the License at

      http://www.apache.org/licenses/LICENSE-2.0

  Unless required by applicable law or agreed to in writing, software
  distributed under the License is distributed on an "AS IS" BASIS,
  WITHOUT WARRANTIES OR CONDITIONS OF ANY KIND, either express or implied.
  See the License for the specific language governing permissions and
  limitations under the License.
-->
<!DOCTYPE document PUBLIC "-//APACHE//DTD Documentation V2.0//EN" 
          "http://forrest.apache.org/dtd/document-v20.dtd">

<document> 

<header>
  <title>Nutch credits</title> 
</header> 

<body>

<section>
<title>Committers</title>
<ul>
  <li>Andrzej Bialecki</li>
  <li>Mike Cafarella</li>
  <li><a href="http://www.frutch.org/">Jérôme Charron</a></li>
  <li><a href="http://www.nutch.org/blog/cutting.html">Doug Cutting</a></li>
  <li><a href="http://www.sematext.com/">Otis Gospodnetić</a></li>
  <li>Dogacan Güney</li>
  <li>Piotr Kosiorowski</li>
  <li>Dennis Kubes</li>
  <li><a href="http://www-scf.usc.edu/~mattmann/">Chris A. Mattmann</a></li>
  <li><a href="http://people.apache.org/~siren">Sami Siren</a></li>
  <li>John Xing</li>
</ul>
</section>

<section>
<title>Friends</title>
<ul>
  <li>Dan Fain (<a href="http://research.yahoo.com/">Yahoo! Research Labs</a>)</li>
  <li><a href="http://www.fenwick.com/">Fenwick &amp; West LLP</a></li>
  <li>Stefan Groschupf (<a href="http://www.media-style.com/">media style GmbH</a>)</li>
  <li>Brewster Kahle (<a href="http://www.archive.org/">Internet Archive</a>)</li>
  <li>Michele Kimpton (<a href="http://www.archive.org/">Internet Archive</a>)</li>
  <li>Joe Kraus (<a href="http://www.digitalconsumer.org/">Digital Consumer</a>)</li>
  <li>Brett Bullington</li>
  <li>Neil &amp; Danny Rimer (<a href="http://www.indexventures.com/">Index Ventures</a>)</li>
  <li>R.J. Pittman (<a href="http://www.groxis.com/">Groxis</a>)</li>
  <li>Rob Cresswell (<a href="http://malachiarts.com/">Malachiarts</a>)</li>
</ul>
</section>

<section>
<title>Sponsors</title>
<ul>

  <li><a href="http://research.yahoo.com/">Yahoo! Research Labs</a> has
  donated hardware and helped to fund development.</li>

  <li><a href="http://www.archive.org/">The Internet Archive</a>
  hosts some Nutch work.</li>

</ul>
</section>


</body>
</document>
