<?xml version="1.0"?>
<!--
 Licensed to the Apache Software Foundation (ASF) under one or more
  contributor license agreements.  See the NOTICE file distributed with
  this work for additional information regarding copyright ownership.
  The ASF licenses this file to You under the Apache License, Version 2.0
  (the "License"); you may not use this file except in compliance with
  the License.  You may obtain a copy of the License at

      http://www.apache.org/licenses/LICENSE-2.0

  Unless required by applicable law or agreed to in writing, software
  distributed under the License is distributed on an "AS IS" BASIS,
  WITHOUT WARRANTIES OR CONDITIONS OF ANY KIND, either express or implied.
  See the License for the specific language governing permissions and
  limitations under the License.
-->
<document>

<header>
<title>i18n</title>
</header>

<body>

<p>The Nutch search pages are easy to internationalize.</p>

<p>For each language, there are three kinds things which must be
translated:</p>

<ol>

<li><b>page header</b>: This is a list of anchors included at the top of
every page.</li>

<li><b>static pages</b>: These include the "about" page, the "search"
page and the "help" page.</li>

<li><b>dynamic page text</b>: These are strings used when constructing
search result pages.</li>

</ol>

<p>Each of the above is described in more detail below.</p>

<section><title>Getting Started</title>

<p>The things to translate are:</p>

<ol>
<li>the page header</li>
<li>the "about" page (<tt>src/web/pages/<i>lang</i>/about.xml</tt>)</li>
<li>the "search" page (<tt>src/web/pages/<i>lang</i>/search.xml</tt>)</li>
<li>the "help" page (<tt>src/web/pages/<i>lang</i>/help.xml</tt>)</li>
<li>text for search results (<tt>src/web/locale/org/nutch/jsp/search_<i>lang</i>.properties</tt>)</li>
</ol>

<p>If you'd like to provide a translation, simply post translations of
these five files to <a href="mailto:nutch-dev@lucene.apache.org">nutch-dev@lucene.apache.org</a>
as an attachment.</p>

</section>

<section><title>Page Header</title>

<p>The Nutch page header is included at the top of every page.</p>

<p>The header is filed as
<tt>src/web/include/<i>language</i>/header.xml</tt> where
<i>language</i> is the <a
href="http://ftp.ics.uci.edu/pub/ietf/http/related/iso639.txt">IS0639</a>
language code.</p>

<p>The format of the header file is:</p>

<pre>
  &lt;header-menu&gt;
    &lt;item&gt; ... &lt;/item&gt;
    &lt;item&gt; ... &lt;/item&gt;
  &lt;/header-menu&gt;
</pre>

<p>Each item typically includes an HTML anchor, one for each of the
top-level pages in the translation.</p>

<p>For example, the header file for an English translation is filed
as <a
href="http://svn.apache.org/repos/asf/lucene/nutch/trunk/src/web/include/en/header.xml"><tt>src/web/include/en/header.xml</tt></a>.</p>


</section>

<section><title>Static Page Content</title>

<p>Static pages compose most of the Nutch website, and are also used
for project documentation.  These are HTML generated from XML files by
XSLT.  This process is used to include a standard header and footer,
and optionally a menu of sub-pages.</p>

<p>Static page content is filed as
<tt>src/web/pages/<i>language</i>/<i>page</i>.xml</tt> where
<i>language</i> is the IS0639 language code, as above, and <i>page</i>
determines the name of the page generated:
<tt>docs/<i>page</i>.html</tt>.</p>

<p>The format of a static page xml file is:</p>

<pre>
  &lt;page&gt;
    &lt;title&gt; ... &lt;/title&gt;
    &lt;menu&gt;
      &lt;item&gt; ... &lt;/item&gt;
      &lt;item&gt; ... &lt;/item&gt;
    &lt;/menu&gt;
    &lt;body&gt; ... &lt;/body&gt;
  &lt;/page&gt;
</pre>

The <tt>&lt;menu&gt;</tt> item is optional.

<p>Note that if you use an encoding other than UTF-8 (the default for
XML data) then you need to declare that.  Also, if you use HTML
entities in your data, you'll need to declare these too.  Look at
existing translations for examples of this.</p>

<p>For example, the English language "about" page is filed
as <a
href="http://svn.apache.org/repos/asf/lucene/nutch/trunk/src/web/pages/en/about.xml"><tt>src/web/pages/en/about.xml</tt></a>.</p>

</section>

<section><title>Dynamic Page Content</title>

<p>Java Server Pages (JSP) is used to generate Nutch search results, and
a few other dynamic pages (cached content, score explanations, etc.).</p>

<p>These use Java's <a
href="http://java.sun.com/j2se/1.4.2/docs/api/java/util/Locale.html">Locale</a>
mechanism for internationalization.  For each page/language pair,
there is a Java property file containing the translated text of that
page.</p>

<p>These property files are filed as
<tt>src/web/locale/org/nutch/jsp/<i>page</i>_<i>language</i>.xml</tt>
where <i>page</i> is the name of the JSP page in <a
href="http://svn.apache.org/repos/asf/lucene/nutch/trunk/src/web/jsp/"><tt>src/web/jsp/</tt></a>
and <i>language</i> is the IS0639 language code, as above.</p>

<p>For example, text for the English language search results page is filed
as <a
href="http://svn.apache.org/repos/asf/lucene/nutch/trunk/src/web/locale/org/nutch/jsp/search_en.properties"><tt>src/web/locale/org/nutch/jsp/search_en.properties</tt></a>.
 This contains something like:</p>

<pre>
  title = search results
  search = Search
  hits = Hits &lt;b&gt;{0}-{1}&lt;/b&gt; (out of {2} total matching documents):
  cached = cached
  explain = explain
  anchors = anchors
  next = Next
</pre>

<p>Each entry corresponds to a text fragment on the search results
page. The "hits" entry uses Java's <a
href="http://java.sun.com/j2se/1.4.2/docs/api/java/text/MessageFormat.html">MessageFormat</a>.</p>

<p>Note that property files must use the ISO 8859-1 encoding with
unicode escapes.  If you author them in a different encoding, please
use Java's <tt>native2ascii</tt> tool to convert them to this
encoding.</p>

</section>

<section><title>Generating Static Pages</title>

<p>To generate the static pages you must have <a
 href="http://java.sun.com/j2se/downloads.html">Java</a>, <a
 href="http://ant.apache.org/">Ant</a> and Nutch installed.  To
 install Nutch, either download and unpack the latest <a
 href="http://lucene.apache.org/nutch/release/nightly/">release</a>, or check it
 out from <a
 href="version_control.html">Subversion</a>.</p>

<p>Then give the command:</p>

<pre>
  ant generate-docs
</pre>

<i>This documentation needs more detail.  Could someone
please submit a list of the actual steps required here?</i>


<p>Once this is working, try adding directories and files to make your
own translation of the header and a few of the static pages.</p>

</section>

<section><title>Testing Dynamic Pages</title>

<p>To test the dynamic pages you must also have <a
href="http://jakarta.apache.org/tomcat/">Tomcat</a> installed.</p>

<p>An index is also required.  You can collect your own by working
through the <a href="http://lucene.apache.org/nutch/tutorial.html">tutorial</a>.
Once you have an index, follow the steps outlined at the end of the
tutorial for searching.</p>

<i>This documentation needs more detail.  Could someone
please submit a list of the actual steps required here?</i>

</section>

</body>
</document>
