<?xml version="1.0"?>
<!DOCTYPE document PUBLIC "-//APACHE//DTD Documentation V2.0//EN" "http://forrest.apache.org/dtd/document-v20.dtd">
<!--
 Licensed to the Apache Software Foundation (ASF) under one or more
  contributor license agreements.  See the NOTICE file distributed with
  this work for additional information regarding copyright ownership.
  The ASF licenses this file to You under the Apache License, Version 2.0
  (the "License"); you may not use this file except in compliance with
  the License.  You may obtain a copy of the License at

      http://www.apache.org/licenses/LICENSE-2.0

  Unless required by applicable law or agreed to in writing, software
  distributed under the License is distributed on an "AS IS" BASIS,
  WITHOUT WARRANTIES OR CONDITIONS OF ANY KIND, either express or implied.
  See the License for the specific language governing permissions and
  limitations under the License.
-->
<document>
  
  <header>
    <title>Nightly builds</title>
  </header>
  
  <body>
    <p>
    Nightly binary builds contains the latest code available. Nightly
    binary builds are provided for testing only. They might or might not
    be functional. 
    </p>
    <p>
    You can track the progress of 0.9-dev version from a <a href="http://issues.apache.org/jira/browse/NUTCH?report=com.atlassian.jira.plugin.system.project:roadmap-panel">jira report</a> 
    </p>
    <p>
    To report bugs see <a href="issue_tracking.html">issue tracking</a>
    </p>
    <p>
    <a href="http://people.apache.org/builds/lucene/nutch/nightly/">Nutch nightly builds</a> (0.9-dev)
    </p>
  </body>
  
</document>