<?xml version="1.0"?>
<!--
 Licensed to the Apache Software Foundation (ASF) under one or more
  contributor license agreements.  See the NOTICE file distributed with
  this work for additional information regarding copyright ownership.
  The ASF licenses this file to You under the Apache License, Version 2.0
  (the "License"); you may not use this file except in compliance with
  the License.  You may obtain a copy of the License at

      http://www.apache.org/licenses/LICENSE-2.0

  Unless required by applicable law or agreed to in writing, software
  distributed under the License is distributed on an "AS IS" BASIS,
  WITHOUT WARRANTIES OR CONDITIONS OF ANY KIND, either express or implied.
  See the License for the specific language governing permissions and
  limitations under the License.
-->
<!--
Forrest site.xml

This file contains an outline of the site's information content.  It is used to:
- Generate the website menus (though these can be overridden - see docs)
- Provide semantic, location-independent aliases for internal 'site:' URIs, eg
<link href="site:changes"> links to changes.html (or ../changes.html if in
  subdir).
- Provide aliases for external URLs in the external-refs section.  Eg, <link
  href="ext:cocoon"> links to http://xml.apache.org/cocoon/

See http://forrest.apache.org/docs/linking.html for more info.
-->
<site label="Nutch" href="" xmlns="http://apache.org/forrest/linkmap/1.0">

  <project label="Project">
    <news        label="News"             href="index.html" />    
    <about       label="About"            href="about.html" />    
    <credits     label="Credits"          href="credits.html" />    
    <store       label="Buy Stuff"        href="ext:store" />    
  </project>

  <docs label="Documentation">    
    <faq         label="FAQ"              href="ext:faq" />    
    <wiki        label="Wiki"             href="ext:wiki" />    
    <tutorial    label="Tutorial (0.7.2)"     href="tutorial.html" />
    <tutorial8   label="Tutorial (0.8.x)"     href="tutorial8.html" />
    <webmasters  label="Robot     "       href="bot.html" />
    <i18n        label="i18n"             href="i18n.html" />
    <apidocs     label="API Docs (0.7.2)"       href="apidocs/index.html" />
    <apidocs     label="API Docs (0.8.x)"         href="apidocs-0.8.x/index.html" />
    <apidocs     label="API Docs (nightly)"	href="ext:nightly-api" />
  </docs>

  <resources label="Resources">
    <download    label="Download"         href="release/" />
    <nightly     label="Nightly builds"   href="nightly.html" />
    <contact     label="Mailing Lists"    href="mailing_lists.html" />
    <issues      label="Issue Tracking"   href="issue_tracking.html" />
    <vcs         label="Version Control"  href="version_control.html" />
  </resources>


  <projects label="Related Projects">
    <lucene     label="Lucene Java"      href="ext:lucene" />
    <hadoop     label="Hadoop"      href="ext:hadoop" />
    <solr       label="Solr"      href="ext:solr" />
  </projects>

  <external-refs>
    <lucene    href="http://lucene.apache.org/java/" />
    <nightly-api href="http://lucene.zones.apache.org:8080/hudson/job/Nutch-Nightly/ws/trunk/build/docs/api/index.html" />
    <hadoop    href="http://lucene.apache.org/hadoop/" />
    <solr      href="http://incubator.apache.org/solr/" />
    <wiki      href="http://wiki.apache.org/nutch/" />
    <faq       href="http://wiki.apache.org/nutch/FAQ" /> 
    <store     href="http://www.cafepress.com/nutch/" />
  </external-refs>
 
</site>
