<page>

<title>Ayuda para la búsqueda</title>

<body>

<h3>Búsquedas</h3>
Para buscar con Nutch, simplemente tipea unas palabras.
<ul>
  <li>Los resultados solamente incluyen páginas que contienen <span
 style="font-style: italic;">todas</span> las palabras buscadas.</li>
  <li>Usa comillas a ambos lados de grupos de palabras que deben 
aparecer en forma adyacente, como una frase, por ejemplo <span style="font-weight: bold;">"Nueva Zelanda"</span>.</li>
  <li>El uso de puntuación entre palabras también resulta en la búsqueda 
 de una frase. Por lo tanto, buscar <span style="font-weight: bold;">http://www.apache.org/</span>
es lo mismo que buscar <span style="font-weight: bold;">"http www
apache org"</span>.</li>
  <li>La búsqueda no diferencia entre mayúsculas y minúsculas, por lo que buscar <span
 style="font-weight: bold;">NuTcH</span> es equivalente a buscar <span
 style="font-weight: bold;">nUtCh</span>.</li>
  <li>Se pueden descartar resultados con una palabra dada colocando un signo menos (-) delante de ésta, por ejemplo la búsqueda <span style="font-weight: bold;">deportes -golf</span> hallará páginas acerca de deportes que no contengan la palabra "golf".</li>
  <li>Eso es todo.</li>
</ul>
<h3>Resultados</h3>
Cada página que aparece en los resultados tiene los siguientes enlaces:
<ul>
  <li>(<span style="color: rgb(51, 51, 255);">en caché</span>) muestra la versión de la página visitada por Nutch.</li>
  <li>(<span style="color: rgb(51, 51, 255);">explicar</span>) muestra una explicación del puntaje de esta página.</li>
  <li>(<span style="color: rgb(51, 51, 255);">anchors</span>) muestra la lista del texto que aparece en enlaces que apuntan a esta página.</li>
</ul>

</body>
</page>
