<page>

<title>Nutch: aiuto sulle ricerche</title>

<body>

<h3>Ricerche</h3>
Per cercare con Nutch, digita solo alcune parole.
<ul>
  <li>I risultai includono solo pagine che contengono <span
 style="font-style: italic;">tutte</span> le parole della ricerca.</li>
  <li>Usa le virgolette attorno alle parole che devono essere adiacenti,
 come una frase, e.g., <span style="font-weight: bold;">"New Zealand"</span>.</li>
  <li>Anche l'uso della punteggiatura tra le parole attiva la ricerca per frase. In
 questo modo cercare<span style="font-weight: bold;">http://www.apache.org/</span>
 equivale a cercare <span style="font-weight: bold;">"http www apache org"</span>.</li>
  <li>Le ricerche non tengono conto di lettere maiuscole e minuscole, quindi cercare <span
 style="font-weight: bold;">NuTcH</span> è come cercare <span
 style="font-weight: bold;">nUtCh</span>.</li>
  <li>Puoi escludere un termine dalla ricerca inserendo un meno prima di esso, e.g., 
 la ricerca <span style="font-weight: bold;">football-nfl</span> 
 troverà tutte le pagine che parlano di football, ma non usano la parola "nfl".</li>
  <li>Tutto qui!</li>
</ul>
<h3>Risultati</h3>
Ogni pagina trovata ha i seguenti links:
<ul>
  <li>(<span style="color: rgb(51, 51, 255);">cached</span>) mostra la versione della
 pagina scaricata da Nutch.</li>
  <li>(<span style="color: rgb(51, 51, 255);">explain</span>) mostra una spiegazione
 sul punteggio ottenuto dalla pagina.</li>
  <li>(<span style="color: rgb(51, 51, 255);">anchors</span>) mostra una lista di links
 che riferiscono la pagina che è stata indicizzata.</li>
</ul>

</body>
</page>
