<page>

<title>pomoć</title>

<body>

<h3>Upiti</h3>
Da biste pretraživali pomoću Nutch-a, samo ukucajte nekoliko reči.
<ul>
  <li>Rezultati predstavljaju samo one stranice koje sadrže <span
 style="font-style: italic;">sve</span> reči iz upita.</li>
  <li>Koristite navodnike oko reči koje se moraju pojavljivati zajedno, kao fraza,
npr., <span style="font-weight: bold;">"Novi Sad"</span>.</li>
  <li>Interpunkcija između reči takođe izaziva pretraživanje po frazama.  Tako da je 
pretraga po <span style="font-weight: bold;">http://www.apache.org/</span>
identična kao pretraga po <span style="font-weight: bold;">"http www
apache org"</span>.</li>
  <li>Pretraživanje ne razlikuje velika i mala slova u upitu, tako da je pretraga po <span
 style="font-weight: bold;">NuTcH</span> identična kao pretraga po <span
 style="font-weight: bold;">nUtCh</span>.</li>
  <li>Da biste isključili iz rezultata stranice kojе sadrže neki termin stavite znak minus ispred tog termina,
 npr., pretraživanje po <span style="font-weight: bold;">fudbal
-nfl</span> će pronaći stranice  koje za temu imaju fudbal, ali ne koriste reč "nfl".</li>
  <li>To je to!</li>
</ul>
<h3>Rezultati</h3>
Svaka stranica u rezultatima ima sledeće linkove:
<ul>
  <li>(<span style="color: rgb(51, 51, 255);">keširano</span>) prikazuje verziju stranice
koju je Nutch dohvatio.</li>
  <li>(<span style="color: rgb(51, 51, 255);">objasni</span>) prikazuje objašnjenje 
  kako je ova stranica bodovana.</li>
  <li>(<span style="color: rgb(51, 51, 255);">veze</span>) prikazuje spisak odrednica korišćenih da se napravi link ka ovoj strani.</li>
</ul>

</body>
</page>
