<Manifest>
  <Files>
    <Directory action="delete" name="baddir"/>
    <File action="check" name="TiniTim.tini" hash="09ef896a76b5e6" source="/web_dir/TiniTim.tini"/>
    <Directory action="delete" name="somedir"/>
    <Directory action="create" name="somedir"/>
    <File action="load" name="somedir/somefile" source="/web_dir/somefile"/>
  </Files>
  <Processes>
    <Process command="java" parameters="TiniTim.tini"/>
  </Processes>

  <mixedContent> This is <bold>mixed</bold> content <a></a>  <a/>  </mixedContent>
        <a></a> <a/>
	<entity>&amp;</entity>
</Manifest>
