<page>

<title>помоћ</title>

<body>

<h3>Упити</h3>
Да бисте претраживали помоћу Nutch-а, само укуцајте неколико речи.
<ul>
  <li>Резултати представљају само оне странице које садрже <span
 style="font-style: italic;">све</span> речи из упита.</li>
  <li>Користите наводнике око речи које се морају појављивати заједно, као фраза,
нпр., <span style="font-weight: bold;">"Нови сад"</span>.</li>
  <li>Интерпункција између речи такође изазива претраживање по фразама. Тако да је
претраживање по <span style="font-weight: bold;">http://www.apache.org/</span>
идентично као претраживање по <span style="font-weight: bold;">"http www
apache org"</span>.</li>
  <li>Претраживање не разликује велика и мала слова у упиту, тако да је претраживање по <span
 style="font-weight: bold;">NuTcH</span> идентично као претраживање по <span
 style="font-weight: bold;">nUtCh</span>.</li>
  <li>Да бисте искључили из резултата странице које садрже неки термин ставите знак минус испред тог термина,
 нпр., претраживање по <span style="font-weight: bold;">фудбал
-нфл</span> ће пронаћи странице које за тему имају фудбал, али не користе реч "нфл".</li>
  <li>То је то!</li>
</ul>
<h3>Резултати</h3>
Свака страница у резултатима има следеће линкове:
<ul>
  <li>(<span style="color: rgb(51, 51, 255);">кеширано</span>) приказује верзију странице
коју је Nutch дохватио.</li>
  <li>(<span style="color: rgb(51, 51, 255);">објасни</span>) приказује објашњење
 како је ова страница бодована.</li>
  <li>(<span style="color: rgb(51, 51, 255);">везе</span>) приказује списак одредница коришћених да се направи линк ка овој страни.</li>
</ul>

</body>
</page>
