<page>

<title>projektista</title>

<menu>
 <item><a href="http://lucene.apache.org/nutch/credits.html">Tekijät</a></item>
 <item><a href="http://lucene.apache.org/nutch/index.html">Projektin tila</a></item>
</menu>

<body>

<p>Nutch on syntyvaiheessa oleva avoimen lähdekoodin verkkohakukone.</p>

<p>Verkkohaku on internet-navigaation perusehto, mutta siitä huolimatta
hakukoneiden lukumäärä on vähenemässä. Nykyinen oligopoli voi pian muuttua
monopoliksi, jossa yksi yhtiö hallitsee lähes kaikkia verkkohakuja, omaksi
taloudelliseksi hyödykseen. Tämä ei olisi hyväksi Internetin käyttäjille.</p>

<p>Nutch tarjoaa läpinäkyvän vaihtoehdon kaupallisille hakukoneille. Vain
avoimeen lähdekoodiin perustuvien hakutulosten puolueettomuuteen voidaan
luottaa. (Tai ainakin niiden puolueellisuus on julkista.) Kaikkien
merkittävien olemassa olevien hakukoneiden järjestelyperusteet ovat salaisia,
eivätkä koneiden tekijät selitä miksi tietty sivu saa tietyn sijoituksen.
Lisäksi tietyt hakukoneet päättävät luetteloimistaan sivuista maksun
perusteella, luetteloitavien sivujen hyvyyden asemesta. Nutchilla taas ei ole
mitään salattavaa tai syytä vääristellä hakukoneensa tuloksia, tai robottinsa
toimintaa, ellei seurauksena ole parempia hakutuloksia käyttäjille.</p>

<p>Nutch yrittää mahdollistaa sen, että kaikki voivat helposti ja halvalla tuoda
näkyville maailmanluokan hakukoneen. Tämä on mittava haaste. Onnistuakseen
Nutchin täytyy pystyä:</p>
<ul>
  <li>noutamaan useita miljardeja sivuja kuukaudessa</li>
  <li>ylläpitämään hakemistoa näistä sivuista</li>
  <li>hakemaan hakemistosta tuhatkunta kertaa sekunnissa</li>
  <li>tarjoamaan erittäin korkeatasoisia hakutuloksia</li>
  <li>toimimaan mahdollisimman alhaisin kustannuksin</li>
</ul>

<p>Ongelma on haastava. Jos uskot projektin mahdollisuuksiin voit auttaa joko sen
<a href="http://www.apache.org/dev/">kehittämisessä</a> tai <a
href="http://www.apache.org/foundation/contributing.html">lahjoittamalla sille varoja</a>.</p>

</body>
</page>
