<page>

<title>apua</title>

<body>

<h3>Kyselyt</h3>
Etsiäksesi Nutchilla kirjoita vain muutama hakusana.
<ul>
  <li>Tulokset sisältävät vain sivuja, joilla
      <span style="font-style: italic;">kaikki</span> hakusanat
      esiintyvät.</li>
  <li>Käytä lainausmerkkejä sellaisten sanojen ympärillä, joiden pitää esiintyä
      yhtenäisenä ryppäänä. Esimerkiksi:
      <span style="font-weight: bold;">"Yhdistyneet kansakunnat"</span>.</li>
  <li>Välimerkit sanojen välissä katkaisevat hakutermin. On samantekevää etsitkö
      hakusanalla <span style="font-weight: bold;">http://www.apache.org/</span>
      vai sanoilla <span style="font-weight: bold;">"http www apache org"</span>.</li>
  <li>Haut eivät katso kirjaimen kokoon, eli hakusana
      <span style="font-weight: bold;">NuTcH</span> on sama kuin
      <span style="font-weight: bold;">nUtCh</span>.</li>
  <li>Voit estää hakusanaa ilmaantumasta tuloksissa liittämällä sen eteen
      miinus-merkin; <span style="font-weight: bold;">jalkapallo -nfl</span>
      etsii sivut joilla puhutaan jalkapallosta mutta jotka eivät käytä sanaa
      "nfl".</li>
  <li>Se siitä!</li>
</ul>

<h3>Tulokset</h3>
Kukin hakutulos tuottaa seuraavat linkit:
<ul>
  <li>(<span style="color: rgb(51, 51, 255);">välimuistissa</span>) näyttää
      Nutchin lataaman version sivusta.</li>
  <li>(<span style="color: rgb(51, 51, 255);">selitä</span>) selittää miksi sivu
      sijoitettiin tällä tavalla.</li>
  <li>(<span style="color: rgb(51, 51, 255);">linkit</span>) näyttää sivulle
      viittaavat luetteloidut linkit.</li>
</ul>

</body>
</page>
