<?xml version="1.0" encoding="ISO-8859-1"?>
<!DOCTYPE html PUBLIC "-//W3C//DTD XHTML 1.0 Transitional//EN"
  "http://www.w3.org/TR/xhtml1/DTD/xhtml1-transitional.dtd">

<page>

<title>Hilfe zur Suche</title>

<body>

<h3>Suchanfragen</h3>
Nutch ben&ouml;tigt nur wenige W&ouml;rter, um Ihnen zufriedenstellende Resultate zu liefern..
<ul>
  <li>Die Resultate enthalten nur Seiten, welche <em>alle </em>Suchw&ouml;rter 
    enthalten.</li>
  <li>Benutzen Sie Anf&uuml;hrungs und Schlusszeichen um W&ouml;rter, welche als 
    Satzteil in exact dieser Folge vorkommen m&uuml;ssen. Z.B. <strong>&quot;Thomas 
    Jefferson&quot;</strong></li>
  <li>Interpunktionszeichen werden wie Leerzeichen behandelt und trennen Wortgruppen 
    in einzelne Suchw&ouml;rter.Wenn Sie also nach <strong>http://www.apache.org/</strong> 
    suchen, entspricht dies einer Suche nach <strong>&quot;http www apache org&quot;</strong>.</li>
  <li>Die Gross-/Kleinschreibung wird bei der Suchen nicht beachtet.</li>
  <li>Sie k&ouml;nnen ein Wort explizit aus den Suchresultat ausschliessen indem 
    Sie ein Minus vor dieses Sezten. Wenn Sie zum Beispiel <strong>&quot;Fussball 
    -uefa&quot; </strong>eingeben, so wird nach allen Seiten mit dem Thema Fussball 
    gessucht, welche aber das Wort &quot;uefa&quot; nicht enthalten.</li>
  <li>Das ist alles!</li>
</ul>
<h3>Resultate</h3>
<p>Jede resultierende Seite hat folgende Links:</p>
<ul>
  <li>(<span style="color: rgb(51, 51, 255);">cached</span>) zeigt eine von Nutch 
    zwischengespeicherte Version der Seite.</li>
  <li>(<span style="color: rgb(51, 51, 255);">explain</span>) zeigt eine detaillierte 
    Auflistung der Bewertung dieser Seite.</li>
  <li>(<span style="color: rgb(51, 51, 255);">anchors</span>) zeigt eine Liste 
    von Seiten, welche diese Seite referenzieren.</li>
</ul>

</body>
</page>
